path,area,section,status,source_verified,snippets_verified,info_verified,last_reviewed,reviewer,evidence,notes
social-plus-sdk/changelogs/android-sdk-changelog.mdx,changelogs,,not_started,no,no,no,,,,
social-plus-sdk/changelogs/flutter-sdk-changelog.mdx,changelogs,,not_started,no,no,no,,,,
social-plus-sdk/changelogs/ios-sdk-changelog.mdx,changelogs,,not_started,no,no,no,,,,
social-plus-sdk/changelogs/ios-sdk-v8-migration-guide.mdx,changelogs,,not_started,no,no,no,,,,
social-plus-sdk/changelogs/web-sdk-changelog.mdx,changelogs,,not_started,no,no,no,,,,
social-plus-sdk/chat/conversation-management/channels/archive-channels.mdx,chat,conversation-management,verified,yes,yes,yes,2026-06-21,codex,"Source: SDK channel archive unarchive and archived-channel query APIs across TS and Flutter plus public-source absence on iOS and Android. Proof: TS 218/218; Android 214/214 skipped 3 warnings 1; Flutter 153/153; iOS 225/225 skipped 3 warnings 225.","Corrected stale Flutter-only examples to TS plus Flutter support and documented iOS Android public SDK gaps."
social-plus-sdk/chat/conversation-management/channels/create-channel.mdx,chat,conversation-management,verified,yes,yes,yes,2026-06-21,codex,"Source: SDK channel creation APIs across TS iOS Android Flutter. Proof: TS 218/218; Android 214/214 skipped 3 warnings 1; Flutter 153/153; iOS 225/225 skipped 3 warnings 225.","Removed stale custom-channel-id guidance; documented current community live and conversation builders plus Flutter custom channelId deprecation."
social-plus-sdk/chat/conversation-management/channels/get-channel.mdx,chat,conversation-management,verified,yes,yes,yes,2026-06-21,codex,"Source: SDK single-channel retrieval and batch channel lookup APIs across TS iOS Android plus Flutter public source search. Proof: TS 218/218; Android 214/214 skipped 3 warnings 1; Flutter 153/153; iOS 225/225 skipped 3 warnings 225.","Corrected batch get-by-IDs availability to TS iOS Android and documented Flutter no current public batch lookup method."
social-plus-sdk/chat/conversation-management/channels/governance/ban-management.mdx,chat,conversation-management,verified,yes,yes,yes,2026-06-21,codex,"Source: SDK channel ban and unban APIs across TS iOS Android Flutter. Proof: TS 226/226; Android 221/221 skipped 3 warnings 1; Flutter 162/162; iOS 238/238 skipped 3 warnings 238.","Replaced stale examples and non-SDK ban list/audit claims with verified ban and unban snippets plus app-owned policy notes."
social-plus-sdk/chat/conversation-management/channels/governance/member-management.mdx,chat,conversation-management,verified,yes,yes,yes,2026-06-21,codex,"Source: SDK channel member add and remove APIs across TS iOS Android Flutter. Proof: TS 226/226; Android 221/221 skipped 3 warnings 1; Flutter 162/162; iOS 238/238 skipped 3 warnings 238.","Corrected Flutter/Android add remove snippets and removed stale invitation/helper-method claims."
social-plus-sdk/chat/conversation-management/channels/governance/mute-management.mdx,chat,conversation-management,verified,yes,yes,yes,2026-06-21,codex,"Source: SDK channel mute and unmute APIs across TS iOS Android Flutter. Proof: TS 226/226; Android 221/221 skipped 3 warnings 1; Flutter 162/162; iOS 238/238 skipped 3 warnings 238.","Corrected duration units by platform and replaced stale Flutter Kotlin block with verified Dart snippet."
social-plus-sdk/chat/conversation-management/channels/governance/overview.mdx,chat,conversation-management,verified,yes,yes,yes,2026-06-21,codex,"Source: verified channel governance pages for member role ban and mute operations. Proof: TS 226/226; Android 221/221 skipped 3 warnings 1; Flutter 162/162; iOS 238/238 skipped 3 warnings 238.","Info-only overview. Replaced broad policy/analytics claims with SDK-backed capability and platform coverage map."
social-plus-sdk/chat/conversation-management/channels/governance/role-management.mdx,chat,conversation-management,verified,yes,yes,yes,2026-06-21,codex,"Source: SDK channel role add and remove APIs across TS iOS Android Flutter. Proof: TS 226/226; Android 221/221 skipped 3 warnings 1; Flutter 162/162; iOS 238/238 skipped 3 warnings 238.","Rewrote role examples around verified addRole removeRole APIs and clarified role IDs and permission handling."
social-plus-sdk/chat/conversation-management/channels/query-channels.mdx,chat,conversation-management,verified,yes,yes,yes,2026-06-21,codex,"Source: SDK channel query APIs across TS iOS Android Flutter. Proof: TS 218/218; Android 214/214 skipped 3 warnings 1; Flutter 153/153; iOS 225/225 skipped 3 warnings 225.","Replaced broad search claims with verified filter surface; documented Android no public display-name search and Flutter excludeArchives/keyword support."
social-plus-sdk/chat/conversation-management/channels/update-channel.mdx,chat,conversation-management,verified,yes,yes,yes,2026-06-21,codex,"Source: SDK channel update APIs across TS iOS Android Flutter. Proof: TS 218/218; Android 214/214 skipped 3 warnings 1; Flutter 153/153; iOS 225/225 skipped 3 warnings 225.","Corrected update fields and notificationMode availability; kept snippets to current builders and patch APIs."
social-plus-sdk/chat/conversation-management/members/join-leave-channel.mdx,chat,conversation-management,verified,yes,yes,yes,2026-06-21,codex,"Source: SDK join leave and current-membership APIs across TS iOS Android Flutter. Proof: TS 218/218; Android 213/213 skipped 3 warnings 1; Flutter 154/154; iOS 230/230 skipped 3 warnings 230.","Corrected conversation-channel caveat and current membership APIs; replaced CodeGroup snippets with CardGroup per platform."
social-plus-sdk/chat/conversation-management/members/overview.mdx,chat,conversation-management,verified,yes,yes,yes,2026-06-21,codex,"Source: verified member join leave query and preview-member pages across TS iOS Android Flutter. Proof: TS 237/237; Android 232/232 skipped 3 warnings 1; Flutter 167/167; iOS 249/249 skipped 3 warnings 249.","Info-only overview with SDK-backed member capability map and platform coverage."
social-plus-sdk/chat/conversation-management/members/preview-members.mdx,chat,conversation-management,verified,yes,yes,yes,2026-06-21,codex,"Source: SDK channel preview member surfaces across TS iOS Android Flutter public models. Proof: TS 218/218; Android 213/213 skipped 3 warnings 1; Flutter 154/154; iOS 230/230 skipped 3 warnings 230.","Documented direct previewMembers support only on TS and iOS; Android and Flutter use member-query fallback."
social-plus-sdk/chat/conversation-management/members/query-members.mdx,chat,conversation-management,verified,yes,yes,yes,2026-06-21,codex,"Source: SDK channel member query and search APIs across TS iOS Android Flutter. Proof: TS 218/218; Android 213/213 skipped 3 warnings 1; Flutter 154/154; iOS 230/230 skipped 3 warnings 230.","Corrected platform-specific filter names and TS search parameter; documented role includeDeleted sorting and paging differences."
social-plus-sdk/chat/conversation-management/overview.mdx,chat,conversation-management,verified,yes,yes,yes,2026-06-21,codex,"Source: verified channel lifecycle member management and channel governance pages across TS iOS Android Flutter. Proof: TS 237/237; Android 232/232 skipped 3 warnings 1; Flutter 167/167; iOS 249/249 skipped 3 warnings 249.","Info-only overview. Removed overbroad subchannel architecture and product-policy claims; added SDK-backed capability and platform maps."
social-plus-sdk/chat/engagement-features/message-preview.mdx,chat,engagement-features,verified,yes,yes,yes,2026-06-21,codex,"Source: SDK channel and subchannel messagePreview fields across TS iOS Android plus Flutter public channel model. Proof: TS 237/237; Android 232/232 skipped 3 warnings 1; Flutter 167/167; iOS 249/249 skipped 3 warnings 249.","Corrected stale field names and documented Flutter subchannel preview object gap."
social-plus-sdk/chat/engagement-features/unread-status/channel-unread-count.mdx,chat,engagement-features,verified,yes,yes,yes,2026-06-21,codex,"Source: SDK channel unread and total unread APIs across TS iOS Android Flutter. Proof: TS 237/237; Android 232/232 skipped 3 warnings 1; Flutter 167/167; iOS 249/249 skipped 3 warnings 249.","Rewrote per-channel and total unread examples around verified platform properties and observer APIs."
social-plus-sdk/chat/engagement-features/unread-status/message-delivery-status.mdx,chat,engagement-features,verified,yes,yes,yes,2026-06-21,codex,"Source: SDK mark delivered read-users delivered-users and count fields across TS iOS Android plus Flutter public message fields. Proof: TS 237/237; Android 232/232 skipped 3 warnings 1; Flutter 167/167; iOS 249/249 skipped 3 warnings 249.","Documented Flutter no public mark-delivered or receipt-user query APIs and corrected membership filters."
social-plus-sdk/chat/engagement-features/unread-status/message-read-status.mdx,chat,engagement-features,verified,yes,yes,yes,2026-06-21,codex,"Source: SDK message markRead and receipt count fields across TS iOS Android Flutter. Proof: TS 237/237; Android 232/232 skipped 3 warnings 1; Flutter 167/167; iOS 249/249 skipped 3 warnings 249.","Replaced UI-heavy examples with direct verified message model snippets."
social-plus-sdk/chat/engagement-features/unread-status/message-receipt-sync.mdx,chat,engagement-features,verified,yes,yes,yes,2026-06-21,codex,"Source: SDK explicit start and stop message receipt sync APIs across TS iOS Android plus Flutter public-source absence. Proof: TS 237/237; Android 232/232 skipped 3 warnings 1; Flutter 167/167; iOS 249/249 skipped 3 warnings 249.","Documented subchannel-scoped lifecycle and Flutter no public start stop receipt sync APIs."
social-plus-sdk/chat/engagement-features/unread-status/overview.mdx,chat,engagement-features,verified,yes,yes,yes,2026-06-21,codex,"Source: verified unread count read status delivery status and receipt sync pages. Proof: TS 237/237; Android 232/232 skipped 3 warnings 1; Flutter 167/167; iOS 249/249 skipped 3 warnings 249.","Info-only overview with SDK-backed platform coverage and no code snippets."
social-plus-sdk/chat/messaging-features/message-creation/audio-message.mdx,chat,messaging-features,verified,yes,yes,yes,2026-06-21,codex,"Source: SDK message create APIs across TS iOS Android and Flutter public create selector. Proof: TS 200/200; Android 199/199 skipped 4 warnings 1; Flutter 135/135; iOS 202/202 skipped 3 warnings 202.","Replaced stale universal audio claims; documented TypeScript fileId iOS/Android attachment APIs and current Flutter no public audio creator gap."
social-plus-sdk/chat/messaging-features/message-creation/custom-message.mdx,chat,messaging-features,verified,yes,yes,yes,2026-06-21,codex,"Source: SDK custom message create APIs across TS iOS Android Flutter. Proof: TS 200/200; Android 199/199 skipped 4 warnings 1; Flutter 135/135; iOS 202/202 skipped 3 warnings 202.","Rewrote custom message examples around JSON-serializable app-owned data and verified platform builders."
social-plus-sdk/chat/messaging-features/message-creation/file-message.mdx,chat,messaging-features,verified,yes,yes,yes,2026-06-21,codex,"Source: SDK file message create APIs across TS iOS Android Flutter. Proof: TS 200/200; Android 199/199 skipped 4 warnings 1; Flutter 135/135; iOS 202/202 skipped 3 warnings 202.","Replaced stale upload/format claims with verified fileId attachment and Uri patterns."
social-plus-sdk/chat/messaging-features/message-creation/image-message.mdx,chat,messaging-features,verified,yes,yes,yes,2026-06-21,codex,"Source: SDK image message create APIs across TS iOS Android Flutter. Proof: TS 200/200; Android 199/199 skipped 4 warnings 1; Flutter 135/135; iOS 202/202 skipped 3 warnings 202.","Replaced stale examples with verified fileId attachment and Uri patterns plus caption/context examples."
social-plus-sdk/chat/messaging-features/message-creation/reply-to-a-message.mdx,chat,messaging-features,verified,yes,yes,yes,2026-06-21,codex,"Source: SDK parentId support on message creation APIs across TS iOS Android Flutter. Proof: TS 200/200; Android 199/199 skipped 4 warnings 1; Flutter 135/135; iOS 202/202 skipped 3 warnings 202.","Rewrote reply guidance around parentId on standard create APIs; linked query page for rendering reply threads."
social-plus-sdk/chat/messaging-features/message-creation/send-a-message.mdx,chat,messaging-features,verified,yes,yes,yes,2026-06-21,codex,"Source: SDK message create APIs and platform return shapes across TS iOS Android Flutter. Proof: TS 200/200; Android 199/199 skipped 4 warnings 1; Flutter 135/135; iOS 202/202 skipped 3 warnings 202.","Replaced broad sync/queue claims with SDK-only create API routing and verified CardGroup text snippets."
social-plus-sdk/chat/messaging-features/message-creation/text-message.mdx,chat,messaging-features,verified,yes,yes,yes,2026-06-21,codex,"Source: SDK text message create APIs plus tags metadata mentions and parentId builders across TS iOS Android Flutter. Proof: TS 200/200; Android 199/199 skipped 4 warnings 1; Flutter 135/135; iOS 202/202 skipped 3 warnings 202.","Replaced stale limits and CodeGroup examples with verified text creation and contextual message snippets."
social-plus-sdk/chat/messaging-features/message-creation/video-message.mdx,chat,messaging-features,verified,yes,yes,yes,2026-06-21,codex,"Source: SDK video message create APIs across TS iOS Android Flutter. Proof: TS 200/200; Android 199/199 skipped 4 warnings 1; Flutter 135/135; iOS 202/202 skipped 3 warnings 202.","Replaced stale processing claims with verified fileId attachment and Uri patterns."
social-plus-sdk/chat/messaging-features/message-flagging.mdx,chat,messaging-features,verified,yes,yes,yes,2026-06-21,codex,"Source: SDK message flag unflag and is-flagged APIs across TS iOS Android Flutter. Proof: TS 210/210; Android 210/210 skipped 3 warnings 1; Flutter 146/146; iOS 216/216 skipped 3 warnings 216.","Replaced stale moderation policy prose and deprecated flag snippets with current reason-based flagging, unflagging, and current-user flag-state examples."
social-plus-sdk/chat/messaging-features/messages/edit-and-delete-messages.mdx,chat,messaging-features,verified,yes,yes,yes,2026-06-21,codex,"Source: SDK text edit custom edit and soft-delete APIs across TS iOS Android Flutter. Proof: TS 210/210; Android 210/210 skipped 3 warnings 1; Flutter 146/146; iOS 216/216 skipped 3 warnings 216.","Removed hard-delete recovery and audit overclaims; documented verified edit and soft-delete APIs plus Flutter deprecated updateMessage guidance."
social-plus-sdk/chat/messaging-features/messages/get-and-view-a-message.mdx,chat,messaging-features,verified,yes,yes,yes,2026-06-21,codex,"Source: SDK single-message retrieval APIs and current message model fields across TS iOS Android Flutter. Proof: TS 210/210; Android 210/210 skipped 3 warnings 1; Flutter 146/146; iOS 216/216 skipped 3 warnings 216.","Replaced UI/media-processing cookbook with verified get-message and content-inspection snippets; corrected iOS AmityObject snapshot usage."
social-plus-sdk/chat/messaging-features/messages/query-and-filter-messages.mdx,chat,messaging-features,verified,yes,yes,yes,2026-06-21,codex,"Source: SDK message query APIs across TS iOS Android Flutter including tags type parentId aroundMessageId and deleted-state filters where exposed. Proof: TS 210/210; Android 210/210 skipped 3 warnings 1; Flutter 146/146; iOS 216/216 skipped 3 warnings 216.","Rewrote query guidance around verified live-collection and builder APIs; documented platform differences for includeDeleted and parent filtering."
social-plus-sdk/chat/messaging-features/overview.mdx,chat,messaging-features,verified,yes,yes,yes,2026-06-21,codex,"Source: verified message creation pages plus message query management and flagging navigation. Proof: TS 200/200; Android 199/199 skipped 4 warnings 1; Flutter 135/135; iOS 202/202 skipped 3 warnings 202.","Info-only overview. Replaced broad architecture claims with SDK-backed messaging surface map and platform coverage table."
social-plus-sdk/chat/moderation-safety/content-moderation/overview.mdx,chat,moderation-safety,verified,yes,yes,yes,2026-06-21,codex,"Source: verified message flagging edit delete query messages and channel governance pages across TS iOS Android Flutter. Proof: TS 237/237; Android 232/232 skipped 3 warnings 1; Flutter 167/167; iOS 249/249 skipped 3 warnings 249.","Filled empty in-tree page with SDK-only moderation capability map and product-boundary guidance."
social-plus-sdk/chat/overview.mdx,chat,,verified,yes,yes,yes,2026-06-21,codex,"Source: verified chat channel messaging engagement moderation pages across TS iOS Android Flutter. Proof: TS 237/237; Android 232/232 skipped 3 warnings 1; Flutter 167/167; iOS 249/249 skipped 3 warnings 249.","Info-only Chat SDK entry point with SDK area map platform coverage and corrected moderation route."
social-plus-sdk/core-concepts/content-handling/ads.mdx,core-concepts,content-handling,verified,yes,yes,yes,2026-06-21,codex,"Source: SDK source verified for TS iOS Android Flutter reactions mentions polls ads. Proof: TS 243/243; Android 238/238 skipped 3 warnings 1; Flutter 173/173; iOS 255/255 skipped 3 warnings 255.","Rewritten with CodeGroup snippets, platform surface, parameter table, and removed stale claims."
social-plus-sdk/core-concepts/content-handling/files-images-and-videos/file.mdx,core-concepts,content-handling,verified,yes,yes,yes,2026-06-21,codex,"Source: SDK source verified for TS iOS Android Flutter file image video upload retrieval deletion and media metadata. Proof: TS 242/242; Android 237/237 skipped 3 warnings 1; Flutter 175/175; iOS 262/262 skipped 2 warnings 262.","Rewritten with CodeGroup snippets, platform surface, parameter table, and documented Flutter direct fetch/delete gaps plus platform media differences."
social-plus-sdk/core-concepts/content-handling/files-images-and-videos/image-handling.mdx,core-concepts,content-handling,verified,yes,yes,yes,2026-06-21,codex,"Source: SDK source verified for TS iOS Android Flutter file image video upload retrieval deletion and media metadata. Proof: TS 242/242; Android 237/237 skipped 3 warnings 1; Flutter 175/175; iOS 262/262 skipped 2 warnings 262.","Rewritten with CodeGroup snippets, platform surface, parameter table, and documented Flutter direct fetch/delete gaps plus platform media differences."
social-plus-sdk/core-concepts/content-handling/files-images-and-videos/video-handling.mdx,core-concepts,content-handling,verified,yes,yes,yes,2026-06-21,codex,"Source: SDK source verified for TS iOS Android Flutter file image video upload retrieval deletion and media metadata. Proof: TS 242/242; Android 237/237 skipped 3 warnings 1; Flutter 175/175; iOS 262/262 skipped 2 warnings 262.","Rewritten with CodeGroup snippets, platform surface, parameter table, and documented Flutter direct fetch/delete gaps plus platform media differences."
social-plus-sdk/core-concepts/content-handling/mentions.mdx,core-concepts,content-handling,verified,yes,yes,yes,2026-06-21,codex,"Source: SDK source verified for TS iOS Android Flutter reactions mentions polls ads. Proof: TS 243/243; Android 238/238 skipped 3 warnings 1; Flutter 173/173; iOS 255/255 skipped 3 warnings 255.","Rewritten with CodeGroup snippets, platform surface, parameter table, and removed stale claims."
social-plus-sdk/core-concepts/content-handling/poll.mdx,core-concepts,content-handling,verified,yes,yes,yes,2026-06-21,codex,"Source: SDK source verified for TS iOS Android Flutter reactions mentions polls ads. Proof: TS 243/243; Android 238/238 skipped 3 warnings 1; Flutter 173/173; iOS 255/255 skipped 3 warnings 255.","Rewritten with CodeGroup snippets, platform surface, parameter table, and removed stale claims."
social-plus-sdk/core-concepts/content-handling/reactions.mdx,core-concepts,content-handling,verified,yes,yes,yes,2026-06-21,codex,"Source: SDK source verified for TS iOS Android Flutter reactions mentions polls ads. Proof: TS 243/243; Android 238/238 skipped 3 warnings 1; Flutter 173/173; iOS 255/255 skipped 3 warnings 255.","Rewritten with CodeGroup snippets, platform surface, parameter table, and removed stale claims."
social-plus-sdk/core-concepts/foundation/logging.mdx,core-concepts,foundation,verified,yes,yes,yes,2026-06-21,codex,"Source: TS Client network and connection events, iOS AmityClient observeNetworkActivities plus AmityErrorCode, Android AmityCoreClient observeNetworkActivities plus AmityError, Flutter AmityException AmityError and no public network observer. Proof: TS 265/265; Android 265/265 skipped 3 warnings 1; Flutter 191/191; iOS 291/291 skipped 1 warnings 291.","Replaced stale internal Android response logging and iOS clientErrorDelegate usage with verified network observer and error parsing surfaces, plus platform availability and parameter tables."
social-plus-sdk/core-concepts/realtime-communication/live-objects-collections/android.mdx,core-concepts,realtime-communication,verified,yes,yes,yes,2026-06-21,codex,"Source: SDK source verified for TS live callbacks and topics, iOS AmityObject/AmityCollection snapshots, Android Flowable/Paging/asFlow, and Flutter streams/LiveCollection. Proof: TS 244/244; Android 240/240 skipped 3 warnings 1; Flutter 177/177; iOS 265/265 skipped 2 warnings 265.","Rewritten with platform surface, parameter/state tables, CodeGroup snippets, current iOS snapshot APIs, Android coroutine harness coverage, and platform-specific cleanup guidance."
social-plus-sdk/core-concepts/realtime-communication/live-objects-collections/flutter.mdx,core-concepts,realtime-communication,verified,yes,yes,yes,2026-06-21,codex,"Source: SDK source verified for TS live callbacks and topics, iOS AmityObject/AmityCollection snapshots, Android Flowable/Paging/asFlow, and Flutter streams/LiveCollection. Proof: TS 244/244; Android 240/240 skipped 3 warnings 1; Flutter 177/177; iOS 265/265 skipped 2 warnings 265.","Rewritten with platform surface, parameter/state tables, CodeGroup snippets, current iOS snapshot APIs, Android coroutine harness coverage, and platform-specific cleanup guidance."
social-plus-sdk/core-concepts/realtime-communication/live-objects-collections/ios.mdx,core-concepts,realtime-communication,verified,yes,yes,yes,2026-06-21,codex,"Source: SDK source verified for TS live callbacks and topics, iOS AmityObject/AmityCollection snapshots, Android Flowable/Paging/asFlow, and Flutter streams/LiveCollection. Proof: TS 244/244; Android 240/240 skipped 3 warnings 1; Flutter 177/177; iOS 265/265 skipped 2 warnings 265.","Rewritten with platform surface, parameter/state tables, CodeGroup snippets, current iOS snapshot APIs, Android coroutine harness coverage, and platform-specific cleanup guidance."
social-plus-sdk/core-concepts/realtime-communication/live-objects-collections/overview.mdx,core-concepts,realtime-communication,verified,yes,yes,yes,2026-06-21,codex,"Source: SDK source verified for TS live callbacks and topics, iOS AmityObject/AmityCollection snapshots, Android Flowable/Paging/asFlow, and Flutter streams/LiveCollection. Proof: TS 244/244; Android 240/240 skipped 3 warnings 1; Flutter 177/177; iOS 265/265 skipped 2 warnings 265.","Rewritten with platform surface, parameter/state tables, CodeGroup snippets, current iOS snapshot APIs, Android coroutine harness coverage, and platform-specific cleanup guidance."
social-plus-sdk/core-concepts/realtime-communication/live-objects-collections/typescript.mdx,core-concepts,realtime-communication,verified,yes,yes,yes,2026-06-21,codex,"Source: SDK source verified for TS live callbacks and topics, iOS AmityObject/AmityCollection snapshots, Android Flowable/Paging/asFlow, and Flutter streams/LiveCollection. Proof: TS 244/244; Android 240/240 skipped 3 warnings 1; Flutter 177/177; iOS 265/265 skipped 2 warnings 265.","Rewritten with platform surface, parameter/state tables, CodeGroup snippets, current iOS snapshot APIs, Android coroutine harness coverage, and platform-specific cleanup guidance."
social-plus-sdk/core-concepts/realtime-communication/presence-state/channel-presence.mdx,core-concepts,realtime-communication,verified,yes,yes,yes,2026-06-21,codex,"Source: SDK source verified for TS room presence, iOS/Android user/channel/room presence, iOS/Android current-user heartbeat, and Flutter absence. Proof: TS 249/249; Android 251/251 skipped 3 warnings 1; Flutter 177/177; iOS 276/276 skipped 2 warnings 276.","Rewritten with platform surface, parameter tables, CodeGroup snippets, corrected platform availability, and a clear room/current-user heartbeat split."
social-plus-sdk/core-concepts/realtime-communication/presence-state/heartbeat-sync.mdx,core-concepts,realtime-communication,verified,yes,yes,yes,2026-06-21,codex,"Source: SDK source verified for TS room presence, iOS/Android user/channel/room presence, iOS/Android current-user heartbeat, and Flutter absence. Proof: TS 249/249; Android 251/251 skipped 3 warnings 1; Flutter 177/177; iOS 276/276 skipped 2 warnings 276.","Rewritten with platform surface, parameter tables, CodeGroup snippets, corrected platform availability, and a clear room/current-user heartbeat split."
social-plus-sdk/core-concepts/realtime-communication/presence-state/overview.mdx,core-concepts,realtime-communication,verified,yes,yes,yes,2026-06-21,codex,"Source: SDK source verified for TS room presence, iOS/Android user/channel/room presence, iOS/Android current-user heartbeat, and Flutter absence. Proof: TS 249/249; Android 251/251 skipped 3 warnings 1; Flutter 177/177; iOS 276/276 skipped 2 warnings 276.","Rewritten with platform surface, parameter tables, CodeGroup snippets, corrected platform availability, and a clear room/current-user heartbeat split."
social-plus-sdk/core-concepts/realtime-communication/presence-state/room-presence.mdx,core-concepts,realtime-communication,verified,yes,yes,yes,2026-06-21,codex,"Source: SDK source verified for TS room presence, iOS/Android user/channel/room presence, iOS/Android current-user heartbeat, and Flutter absence. Proof: TS 249/249; Android 251/251 skipped 3 warnings 1; Flutter 177/177; iOS 276/276 skipped 2 warnings 276.","Rewritten with platform surface, parameter tables, CodeGroup snippets, corrected platform availability, and a clear room/current-user heartbeat split."
social-plus-sdk/core-concepts/realtime-communication/presence-state/user-presence.mdx,core-concepts,realtime-communication,verified,yes,yes,yes,2026-06-21,codex,"Source: SDK source verified for TS room presence, iOS/Android user/channel/room presence, iOS/Android current-user heartbeat, and Flutter absence. Proof: TS 249/249; Android 251/251 skipped 3 warnings 1; Flutter 177/177; iOS 276/276 skipped 2 warnings 276.","Rewritten with platform surface, parameter tables, CodeGroup snippets, corrected platform availability, and a clear room/current-user heartbeat split."
social-plus-sdk/core-concepts/realtime-communication/push-notifications/register-and-unregister-push-notifications-on-a-device.mdx,core-concepts,realtime-communication,verified,yes,yes,yes,2026-06-21,codex,"Source: TS public absence plus iOS AmityClient register unregister Android AmityCoreClient register unregister and Flutter CoreClient device notification APIs. Proof: TS 263/263; Android 259/259 skipped 3 warnings 1; Flutter 188/188; iOS 285/285 skipped 1 warnings 285.","Replaced stale iOS callback unregister and Android token argument with current async/no-arg registration surfaces; documented TypeScript no client device-registration API."
social-plus-sdk/core-concepts/realtime-communication/push-notifications/settings/channel-settings.mdx,core-concepts,realtime-communication,verified,yes,yes,yes,2026-06-21,codex,"Source: TS Client.notifications channel API plus iOS Android Flutter channel notification managers. Proof: TS 263/263; Android 259/259 skipped 3 warnings 1; Flutter 188/188; iOS 285/285 skipped 1 warnings 285.","Added TypeScript coverage and parameter table; rewrote snippets around current getSettings enable disable APIs."
social-plus-sdk/core-concepts/realtime-communication/push-notifications/settings/community-settings.mdx,core-concepts,realtime-communication,verified,yes,yes,yes,2026-06-21,codex,"Source: TS Client.notifications community API plus iOS Android Flutter community notification managers events and role filters. Proof: TS 263/263; Android 259/259 skipped 3 warnings 1; Flutter 188/188; iOS 285/285 skipped 1 warnings 285.","Added TypeScript and Flutter coverage plus event and parameter tables; replaced stale iOS callback examples with async APIs."
social-plus-sdk/core-concepts/realtime-communication/push-notifications/settings/overview.mdx,core-concepts,realtime-communication,verified,yes,yes,yes,2026-06-21,codex,"Source: verified push notification device user channel and community settings pages across TS iOS Android Flutter. Proof: TS 263/263; Android 259/259 skipped 3 warnings 1; Flutter 188/188; iOS 285/285 skipped 1 warnings 285.","Info-only overview. Removed unsupported hierarchy and policy claims; documented SDK-backed scopes and platform availability."
social-plus-sdk/core-concepts/realtime-communication/push-notifications/settings/user-settings.mdx,core-concepts,realtime-communication,verified,yes,yes,yes,2026-06-21,codex,"Source: TS Client.notifications user API plus iOS Android Flutter user notification managers modules and role filters. Proof: TS 263/263; Android 259/259 skipped 3 warnings 1; Flutter 188/188; iOS 285/285 skipped 1 warnings 285.","Added TypeScript and Flutter coverage plus module and parameter tables; documented Flutter disable naming difference and current module modifiers."
social-plus-sdk/core-concepts/realtime-communication/push-notifications/setup/android-setup.mdx,core-concepts,realtime-communication,verified,yes,yes,yes,2026-06-21,codex,"Source: Android AmityFcm push adapter AmityBaidu optional adapter and AmityCoreClient push registration APIs plus sample FirebaseMessagingService. Proof: TS 263/263; Android 262/262 skipped 3 warnings 1; Flutter 190/190; iOS 288/288 skipped 1 warnings 288.","Replaced stale dependency versions and wrong AmityFcm package with SDK-backed FCM adapter flow, signed-in device registration, optional Baidu boundary, and setup checklist."
social-plus-sdk/core-concepts/realtime-communication/push-notifications/setup/flutter-setup.mdx,core-concepts,realtime-communication,verified,yes,yes,yes,2026-06-21,codex,"Source: Flutter AmityCoreClient registerDeviceNotification and unregisterDeviceNotification APIs plus notification registration test. Proof: TS 263/263; Android 262/262 skipped 3 warnings 1; Flutter 190/190; iOS 288/288 skipped 1 warnings 288.","Replaced broad FlutterFire boilerplate and hardcoded third-party versions with SDK registration boundary, parameter table, and verified Dart snippets."
social-plus-sdk/core-concepts/realtime-communication/push-notifications/setup/ios-setup.mdx,core-concepts,realtime-communication,verified,yes,yes,yes,2026-06-21,codex,"Source: iOS AmityClient async registerPushNotification unregisterPushNotification APIs plus sample PushNotificationRegistrationManager. Proof: TS 263/263; Android 262/262 skipped 3 warnings 1; Flutter 190/190; iOS 288/288 skipped 1 warnings 288.","Replaced stale AmityManager callback registration with current async AmityClient APIs and concise APNs setup flow."
social-plus-sdk/core-concepts/realtime-communication/push-notifications/setup/react-native-setup.mdx,core-concepts,realtime-communication,verified,yes,yes,yes,2026-06-21,codex,"Source: TypeScript SDK public-source search found no push device registration API; native Android iOS and Flutter setup pages verified. Proof: TS 263/263; Android 262/262 skipped 3 warnings 1; Flutter 190/190; iOS 288/288 skipped 1 warnings 288.","Reframed stale React Native Firebase setup as SDK availability guidance and removed unsupported TypeScript SDK registration claims."
social-plus-sdk/core-concepts/realtime-communication/realtime-events/chat-realtime-events.mdx,core-concepts,realtime-communication,verified,yes,yes,yes,2026-06-21,codex,"Source: SDK source verified for TS getSubChannelTopic/subscribeTopic, iOS AmitySubChannelTopic/AmityTopicSubscription, Android AmitySubChannel.subscription, and Flutter AmitySubChannel.subscription. Proof: TS 257/257; Android 259/259 skipped 3 warnings 1; Flutter 184/184; iOS 284/284 skipped 2 warnings only.","Rewritten with platform surface, parameter table, CodeGroup snippets, corrected iOS initializer, added Flutter coverage, and cleanup guidance."
social-plus-sdk/core-concepts/realtime-communication/realtime-events/overview.mdx,core-concepts,realtime-communication,verified,yes,yes,yes,2026-06-21,codex,"Source: SDK source verified for realtime topic/subscription surfaces across TS, iOS, Android, and Flutter. Proof: TS 257/257; Android 259/259 skipped 3 warnings 1; Flutter 184/184; iOS 284/284 skipped 2 warnings only.","Rewritten as a source-backed mental model page; removed unverified active-subscription limit and stale EventSubscriberRepository references."
social-plus-sdk/core-concepts/realtime-communication/realtime-events/social-realtime-events.mdx,core-concepts,realtime-communication,verified,yes,yes,yes,2026-06-21,codex,"Source: SDK source verified for TS core/subscription helpers, iOS AmityTopic classes, Android model subscription APIs, and Flutter model subscription APIs. Proof: TS 257/257; Android 259/259 skipped 3 warnings 1; Flutter 184/184; iOS 284/284 skipped 2 warnings only.","Rewritten with per-topic platform surfaces, event-level tables, parameter tables, CodeGroup snippets, and explicit platform differences for follow/story/live-reaction topics."
social-plus-sdk/core-concepts/safety-privacy/pii-detection.mdx,core-concepts,safety-privacy,verified,yes,yes,yes,2026-06-21,codex,"Source: iOS and Android AmityPost AmityComment AmityMessage getPIIData and redactedText helpers; TS and Flutter source searches found no public PII helpers. Proof: TS 265/265; Android 265/265 skipped 3 warnings 1; Flutter 191/191; iOS 291/291 skipped 1 warnings 291.","Removed unsupported product billing quota UIKit and cross-platform helper claims; documented native-only PII surface, model fields, categories, parameters, and CodeGroup snippets."
social-plus-sdk/core-concepts/user-management/overview.mdx,core-concepts,user-management,verified,yes,yes,yes,2026-06-20,codex,"Source: SDK source spot checks; Proof: TS 94/94; Android 90/90 skipped 6; Flutter 52/52; iOS 86/86 skipped 5.","No client SDK snippets by design. Identity boundary and social profile storage wording verified."
social-plus-sdk/core-concepts/user-management/roles-permissions.mdx,core-concepts,user-management,verified,yes,yes,yes,2026-06-20,codex,"Source: SDK source spot checks; Proof: TS 94/94; Android 90/90 skipped 6; Flutter 52/52; iOS 86/86 skipped 5.","Permission helper snippets verified. Platform-specific enum availability caveat added."
social-plus-sdk/core-concepts/user-management/user-identity.mdx,core-concepts,user-management,verified,yes,yes,yes,2026-06-20,codex,"Source: SDK source spot checks; Proof: TS 94/94; Android 90/90 skipped 6; Flutter 52/52; iOS 86/86 skipped 5.","Identity boundary and optional social profile field wording verified."
social-plus-sdk/core-concepts/user-management/user-operations/create-user.mdx,core-concepts,user-management,verified,yes,yes,yes,2026-06-20,codex,"Source: SDK source spot checks; Proof: TS 94/94; Android 90/90 skipped 6; Flutter 52/52; iOS 86/86 skipped 5.","Login and session examples verified against current SDK APIs."
social-plus-sdk/core-concepts/user-management/user-operations/delete-user.mdx,core-concepts,user-management,verified,yes,yes,yes,2026-06-20,codex,"Source: SDK source spot checks; Proof: TS 94/94; Android 90/90 skipped 6; Flutter 52/52; iOS 86/86 skipped 5.","No public client SDK delete-user method. Page now points to admin or server API flow."
social-plus-sdk/core-concepts/user-management/user-operations/flag-unflag-user.mdx,core-concepts,user-management,verified,yes,yes,yes,2026-06-20,codex,"Source: SDK source spot checks; Proof: TS 94/94; Android 90/90 skipped 6; Flutter 52/52; iOS 86/86 skipped 5.","Flag unflag and self-check snippets verified across SDKs."
social-plus-sdk/core-concepts/user-management/user-operations/get-user-information.mdx,core-concepts,user-management,verified,yes,yes,yes,2026-06-20,codex,"Source: SDK source spot checks; Proof: TS 94/94; Android 90/90 skipped 6; Flutter 52/52; iOS 86/86 skipped 5.","Single and batch lookup snippets verified across SDKs."
social-plus-sdk/core-concepts/user-management/user-operations/search-and-query-users.mdx,core-concepts,user-management,verified,yes,yes,yes,2026-06-20,codex,"Source: SDK source spot checks; Proof: TS 94/94; Android 90/90 skipped 6; Flutter 52/52; iOS 86/86 skipped 5.","Search method names and sort guidance corrected per platform."
social-plus-sdk/core-concepts/user-management/user-operations/update-user-information.mdx,core-concepts,user-management,verified,yes,yes,yes,2026-06-20,codex,"Source: SDK source spot checks; Proof: TS 94/94; Android 90/90 skipped 6; Flutter 52/52; iOS 86/86 skipped 5.","Profile update snippets verified across SDKs."
social-plus-sdk/core-concepts/user-management/user-operations/user-token-management.mdx,core-concepts,user-management,verified,yes,yes,yes,2026-06-20,codex,"Source: SDK source spot checks; Proof: TS 94/94; Android 90/90 skipped 6; Flutter 52/52; iOS 86/86 skipped 5.","User token manager snippets verified across SDKs."
social-plus-sdk/developer-forum.mdx,root,,not_started,no,no,no,,,,
social-plus-sdk/getting-started/authentication.mdx,getting-started,,verified,yes,yes,yes,2026-06-20,codex,"Source: TS Client API; iOS AmityClient; Android AmityCoreClient; Flutter AmityCoreClient. Proof: TS 85/85; Android 81/81; Flutter 43/43; iOS 74/74.","SDK snippets and information reviewed in getting-started pass."
social-plus-sdk/getting-started/overview.mdx,getting-started,,verified,yes,yes,yes,2026-06-20,codex,"Source: TS createClient/login; Android buildsystem dependencies; iOS project settings and AmityClient; Flutter pubspec and session API. Proof: TS 85/85; Android 81/81; Flutter 43/43; iOS 74/74.","Platform requirements and quickstart snippets updated."
social-plus-sdk/getting-started/platform-setup/mobile/android-quick-start.mdx,getting-started,platform-setup,verified,yes,yes,yes,2026-06-20,codex,"Source: Android buildsystem dependencies and AmityCoreClient.setup. Proof: Android doc-as-test 81/81.","Requirements and setup parameter names updated."
social-plus-sdk/getting-started/platform-setup/mobile/flutter-quick-start.mdx,getting-started,platform-setup,verified,yes,yes,yes,2026-06-20,codex,"Source: Flutter pubspec; example Podfile; AmityCoreClient.setup. Proof: Flutter doc-as-test 43/43.","Native iOS minimum and Dart SDK range updated."
social-plus-sdk/getting-started/platform-setup/mobile/ios-quick-start.mdx,getting-started,platform-setup,verified,yes,yes,yes,2026-06-20,codex,"Source: iOS project settings; AmityClient API; SessionHandler protocol. Proof: iOS doc-as-test 74/74.","Swift requirement corrected to 5.0+."
social-plus-sdk/getting-started/platform-setup/web/web-quick-start.mdx,getting-started,platform-setup,verified,yes,yes,yes,2026-06-20,codex,"Source: TS Client.createClient/logout API. Proof: TS doc-as-test 85/85.","Initialization and logout call shapes updated."
social-plus-sdk/getting-started/visitor-mode.mdx,getting-started,,verified,yes,yes,yes,2026-06-20,codex,"Source: TS visitor APIs; Android visitor builder, AccessTokenRenewal, and usage-limit event; iOS loginAsVisitor and SessionHandler. Proof: TS 85/85; Android 81/81; iOS 74/74.","SDK visitor snippets verified; iOS usage-limit event snippet removed because current public iOS binary did not expose that API."
social-plus-sdk/overview.mdx,root,,verified,yes,yes,yes,2026-06-20,codex,"Source: docs nav and SDK platform setup pages; Proof: TS 94/94; Android 90/90 skipped 6; Flutter 52/52; iOS 86/86 skipped 5.","Info-only page. No client SDK snippets by design. Over-broad platform and support claims narrowed; stale social links corrected."
social-plus-sdk/social/README.mdx,social,,verified,yes,yes,yes,2026-06-20,codex,"Source: SDK docs nav plus SDK source spot checks for social community feed search notification and relationship surfaces; Proof: TS 94/94; Android 90/90 skipped 6; Flutter 52/52; iOS 86/86 skipped 5.","Info-only entry page. No client SDK snippets by design. Over-broad AI timeline enterprise and platform claims narrowed."
social-plus-sdk/social/communities-spaces/community-lifecycle/create-community.mdx,social,communities-spaces,verified,yes,yes,yes,2026-06-20,codex,"Source: SDK source for createCommunity/createCommunity(with:)/AmityCommunityCreator/CommunityCreatorBuilder. Proof: TS 97/97; Android 93/93 skipped 6; Flutter 55/55; iOS 89/89 skipped 5.","Removed stale imported snippet; inline snippets now verified across SDKs. Platform-specific post setting enum names and iOS tag caveat documented."
social-plus-sdk/social/communities-spaces/community-lifecycle/delete-community.mdx,social,communities-spaces,verified,yes,yes,yes,2026-06-20,codex,"Source: SDK source for deleteCommunity/deleteCommunity(withId:). Proof: TS 97/97; Android 93/93 skipped 6; Flutter 55/55; iOS 89/89 skipped 5.","Removed stale closeCommunity wording and unproven data-removal guarantees; snippets verified across SDKs."
social-plus-sdk/social/communities-spaces/community-lifecycle/update-community.mdx,social,communities-spaces,verified,yes,yes,yes,2026-06-20,codex,"Source: SDK source for updateCommunity/editCommunity/AmityCommunityUpdate/CommunityUpdaterBuilder. Proof: TS 97/97; Android 93/93 skipped 6; Flutter 55/55; iOS 89/89 skipped 5.","Platform method names and update fields corrected; snippets verified across SDKs."
social-plus-sdk/social/communities-spaces/discovery/get-community.mdx,social,communities-spaces,verified,yes,yes,yes,2026-06-20,codex,"Source: SDK source for getCommunity/getCommunity(withId:)/live.getCommunity. Proof: TS 102/102; Android 98/98 skipped 6; Flutter 60/60; iOS 94/94 skipped 5.","Community retrieval snippets verified across SDKs; Flutter example updated to live.getCommunity stream."
social-plus-sdk/social/communities-spaces/discovery/query-communities.mdx,social,communities-spaces,verified,yes,yes,yes,2026-06-20,codex,"Source: SDK source for getCommunities/searchCommunities and platform query/search builders. Proof: TS 102/102; Android 98/98 skipped 6; Flutter 60/60; iOS 94/94 skipped 5.","Membership filters sort options and keyword-search differences corrected per platform."
social-plus-sdk/social/communities-spaces/discovery/trending-and-recommended-communities.mdx,social,communities-spaces,verified,yes,yes,yes,2026-06-20,codex,"Source: SDK source for getTrendingCommunities/getRecommendedCommunities across TS iOS Android Flutter. Proof: TS 102/102; Android 98/98 skipped 6; Flutter 60/60; iOS 94/94 skipped 5.","Over-broad personalization and algorithm claims narrowed to SDK-exposed backend endpoint behavior."
social-plus-sdk/social/communities-spaces/governance/community-moderation.mdx,social,communities-spaces,verified,yes,yes,yes,2026-06-20,codex,"Source: canonical organization community moderation and member management pages plus docs nav. Proof: TS 189/189; Android 193/193 skipped 4 warnings 1; Flutter 125/125; iOS 196/196 skipped 3 warnings 196.","Legacy canonical-link page. No SDK snippets by design; links now point to verified Governance pages."
social-plus-sdk/social/communities-spaces/membership/join-leave-community.mdx,social,communities-spaces,verified,yes,yes,yes,2026-06-20,codex,"Source: canonical organization join/leave and query member pages plus docs nav. Proof: TS 189/189; Android 193/193 skipped 4 warnings 1; Flutter 125/125; iOS 196/196 skipped 3 warnings 196.","Legacy canonical-link page. No SDK snippets by design; links now point to verified Governance pages."
social-plus-sdk/social/communities-spaces/membership/query-community-members.mdx,social,communities-spaces,verified,yes,yes,yes,2026-06-20,codex,"Source: canonical organization query members and community moderation pages plus docs nav. Proof: TS 189/189; Android 193/193 skipped 4 warnings 1; Flutter 125/125; iOS 196/196 skipped 3 warnings 196.","Legacy canonical-link page. No SDK snippets by design; links now point to verified Governance pages."
social-plus-sdk/social/communities-spaces/organization/community-categories.mdx,social,communities-spaces,verified,yes,yes,yes,2026-06-20,codex,"Source: SDK source for getCategories and categoryId community queries across TS iOS Android Flutter. Proof: TS 112/112; Android 108/108 skipped 6; Flutter 66/66; iOS 103/103 skipped 5.","Category sort values corrected per platform; SDK-create/update claims removed."
social-plus-sdk/social/communities-spaces/organization/community-invitation.mdx,social,communities-spaces,verified,yes,yes,yes,2026-06-20,codex,"Source: SDK source for social settings community invitations invitation linked objects and member invitation observers. Proof: TS 126/126; Android 122/122 skipped 6; Flutter 73/73; iOS 117/117 skipped 5.","Invitation observer shapes status values and TS linked-object methods corrected; unsupported Flutter invitation examples omitted."
social-plus-sdk/social/communities-spaces/organization/community-moderation.mdx,social,communities-spaces,verified,yes,yes,yes,2026-06-20,codex,"Source: SDK source for add/remove roles ban/unban members and permission checks across TS iOS Android Flutter. Proof: TS 126/126; Android 122/122 skipped 6; Flutter 73/73; iOS 117/117 skipped 5.","Typoed iOS symbols stale return values and permission names fixed; Flutter one-role API shape documented."
social-plus-sdk/social/communities-spaces/organization/join-leave-community.mdx,social,communities-spaces,verified,yes,yes,yes,2026-06-20,codex,"Source: SDK source for community.join/getMyJoinRequest/getJoinRequests/joinRequest actions and leaveCommunity. Proof: TS 112/112; Android 108/108 skipped 6; Flutter 66/66; iOS 103/103 skipped 5.","Join approval flow corrected to object-based APIs where supported; iOS leave return value and TS join-request observer fixed."
social-plus-sdk/social/communities-spaces/organization/member-management.mdx,social,communities-spaces,verified,yes,yes,yes,2026-06-20,codex,"Source: SDK source for community membership addMembers/removeMembers across TS iOS Android Flutter. Proof: TS 126/126; Android 122/122 skipped 6; Flutter 73/73; iOS 117/117 skipped 5.","Invalid async snippets and invented return booleans removed; member add/remove examples verified across SDKs."
social-plus-sdk/social/communities-spaces/organization/query-community-members.mdx,social,communities-spaces,verified,yes,yes,yes,2026-06-20,codex,"Source: SDK source for community membership query/search filters sorts roles includeDeleted and excludingRoles. Proof: TS 112/112; Android 108/108 skipped 6; Flutter 66/66; iOS 103/103 skipped 5.","Membership filters sort options and excludingRoles availability corrected per platform."
social-plus-sdk/social/communities-spaces/overview.mdx,social,communities-spaces,verified,yes,yes,yes,2026-06-20,codex,"Source: SDK community models and repository APIs across TS iOS Android Flutter; Proof: TS 94/94; Android 90/90 skipped 6; Flutter 52/52; iOS 86/86 skipped 5.","Info-only entry page. No client SDK snippets by design. Community capabilities and fields narrowed to SDK-backed behavior."
social-plus-sdk/social/content-management/comments/actions/delete-comment.mdx,social,content-management,verified,yes,yes,yes,2026-06-20,codex,"Source: SDK soft and hard delete APIs plus Flutter comment delete extension across TS iOS Android Flutter. Proof: TS 139/139; Android 142/142 skipped 4 warnings 1; Flutter 93/93; iOS 146/146 skipped 3 warnings 146.","Replaced stale Android deleteComment call and hard-delete overclaims; documented platform-specific soft/hard support and deleted-comment query patterns."
social-plus-sdk/social/content-management/comments/actions/edit-comment.mdx,social,content-management,verified,yes,yes,yes,2026-06-20,codex,"Source: SDK comment update APIs, update options, attachment builders, metadata, mentions, and links across TS iOS Android Flutter. Proof: TS 139/139; Android 142/142 skipped 4 warnings 1; Flutter 93/93; iOS 146/146 skipped 3 warnings 146.","Replaced malformed attachment payload and stale permission claims; documented text edits, image attachment replacement, optional-field clearing, and Flutter link-update gap."
social-plus-sdk/social/content-management/comments/creation/create-comment.mdx,social,content-management,verified,yes,yes,yes,2026-06-20,codex,"Source: SDK comment create and reply APIs across TS iOS Android Flutter. Proof: TS 189/189; Android 193/193 skipped 4 warnings 1; Flutter 125/125; iOS 196/196 skipped 3 warnings 196.","New hub page with CardGroup platform snippets for basic text comments and replies; links to verified text and image comment pages."
social-plus-sdk/social/content-management/comments/creation/image-comment.mdx,social,content-management,verified,yes,yes,yes,2026-06-20,codex,"Source: SDK source for comment creation and image attachment builders across TS iOS Android Flutter. Proof: TS 128/128; Android 131/131 skipped 4; Flutter 83/83; iOS 136/136 skipped 3 warnings 136.","Removed unverified hard limits and policy claims; documented upload-first image attachments and replies with verified snippets."
social-plus-sdk/social/content-management/comments/creation/text-comment.mdx,social,content-management,verified,yes,yes,yes,2026-06-20,codex,"Source: SDK source for text comment creation reply parentId metadata mention and link surfaces across TS iOS Android Flutter. Proof: TS 128/128; Android 131/131 skipped 4; Flutter 83/83; iOS 136/136 skipped 3 warnings 136.","Replaced malformed and stale examples; documented text creation and replies with verified snippets; narrowed links support and Flutter gap."
social-plus-sdk/social/content-management/comments/overview.mdx,social,content-management,verified,yes,yes,yes,2026-06-20,codex,"Source: SDK comment models and repository entry points across TS iOS Android Flutter. Proof: TS 128/128; Android 131/131 skipped 4; Flutter 83/83; iOS 136/136 skipped 3 warnings 136.","Info-only page. Replaced stale broad claims with SDK-backed target types model fields and creation entry points."
social-plus-sdk/social/content-management/comments/retrieval/get-comment.mdx,social,content-management,verified,yes,yes,yes,2026-06-20,codex,"Source: SDK single-comment retrieval and batch lookup surfaces across TS iOS Android Flutter. Proof: TS 134/134; Android 137/137 skipped 4 warnings 1; Flutter 89/89; iOS 141/141 skipped 3 warnings 141.","Replaced stale live-object and property claims; documented platform-specific single retrieval, Flutter direct fetch, and TS/Android batch lookup."
social-plus-sdk/social/content-management/comments/retrieval/get-latest-comment.mdx,social,content-management,verified,yes,yes,yes,2026-06-20,codex,"Source: SDK latest-comment helpers and comment query APIs across TS iOS Android Flutter. Proof: TS 134/134; Android 137/137 skipped 4 warnings 1; Flutter 89/89; iOS 141/141 skipped 3 warnings 141.","Documented dedicated iOS/Android latest helpers and query-based TS/Flutter fallback instead of claiming universal live-object support."
social-plus-sdk/social/content-management/comments/retrieval/query-comments.mdx,social,content-management,verified,yes,yes,yes,2026-06-20,codex,"Source: SDK comment query builders, parent filters, sort options, data type filters, and live collection APIs across TS iOS Android Flutter. Proof: TS 134/134; Android 137/137 skipped 4 warnings 1; Flutter 89/89; iOS 141/141 skipped 3 warnings 141.","Rewrote query guidance around top-level comments, replies, deleted-state filters, data type filters, and platform-specific pagination/live collection shapes."
social-plus-sdk/social/content-management/content-sharing.mdx,social,content-management,verified,yes,yes,yes,2026-06-20,codex,"Source: SDK source for shareable-link configuration across TS iOS Android plus Flutter source search. Proof: TS 130/130; Android 123/123 skipped 6; Flutter 73/73; iOS 118/118 skipped 5.","Replaced Android placeholder; TS helper API documented; iOS/Android pattern-map behavior and unsupported Flutter public API noted."
social-plus-sdk/social/content-management/moderation/content-flagging.mdx,social,content-management,verified,yes,yes,yes,2026-06-20,codex,"Source: SDK post/comment flag unflag and flag-status APIs across TS iOS Android Flutter. Proof: TS 189/189; Android 193/193 skipped 4 warnings 1; Flutter 125/125; iOS 196/196 skipped 3 warnings 196.","Replaced stale flagging page with verified CardGroup snippets; documented reasoned flagging availability and Flutter post/comment reason gap."
social-plus-sdk/social/content-management/moderation/overview.mdx,social,content-management,verified,yes,yes,yes,2026-06-20,codex,"Source: verified moderation, post review, delete, governance, and user blocking pages. Proof: TS 189/189; Android 193/193 skipped 4 warnings 1; Flutter 125/125; iOS 196/196 skipped 3 warnings 196.","Info-only overview. Replaced broad moderation architecture claims with SDK-backed routing and implementation notes."
social-plus-sdk/social/content-management/overview.mdx,social,content-management,verified,yes,yes,yes,2026-06-20,codex,"Source: SDK source spot checks for posts comments stories sharing structureType and localCommentCount across TS iOS Android Flutter. Proof: TS 130/130; Android 123/123 skipped 6; Flutter 73/73; iOS 118/118 skipped 5.","Info-only entry page. Platform coverage narrowed and unsupported Flutter shareable-link structureType localCommentCount claims removed."
social-plus-sdk/social/content-management/posts/analytics/post-impressions.mdx,social,content-management,verified,yes,yes,yes,2026-06-20,codex,"Source: SDK source for post analytics mark-viewed counts and reached-user queries across TS iOS Android Flutter. Proof: TS 124/124; Android 127/127 skipped 4; Flutter 79/79; iOS 132/132 skipped 3 warnings 132.","Replaced stale dashboard-style page with SDK-only APIs; removed unexposed view-rate metric; documented TypeScript viewId vs native viewedId."
social-plus-sdk/social/content-management/posts/creation/audio-post.mdx,social,content-management,verified,yes,yes,yes,2026-06-20,codex,"Source: SDK source for audio post creation across TS iOS Android plus Flutter public builder source search. Proof: TS 139/139; Android 132/132 skipped 6; Flutter 79/79; iOS 127/127 skipped 5.","Replaced stale parity and hard-limit claims; documented Flutter upload support but no public audio post creator."
social-plus-sdk/social/content-management/posts/creation/clip-post.mdx,social,content-management,verified,yes,yes,yes,2026-06-20,codex,"Source: SDK source for clip post creation across TS iOS Android plus Flutter public builder source search. Proof: TS 142/142; Android 135/135 skipped 6 warnings 4; Flutter 80/80; iOS 130/130 skipped 5.","Replaced stale builder parity claims; documented TypeScript createClipPost Android AmityClip iOS AmityClipPostBuilder and Flutter no public clip post creator."
social-plus-sdk/social/content-management/posts/creation/custom-post.mdx,social,content-management,verified,yes,yes,yes,2026-06-20,codex,"Source: SDK source for custom post creation across TS iOS Android Flutter. Proof: TS 137/137; Android 130/130 skipped 6; Flutter 79/79; iOS 125/125 skipped 5.","Replaced stale custom dataType claims and placeholder examples with verified namespaced custom-post creation snippets."
social-plus-sdk/social/content-management/posts/creation/file-post.mdx,social,content-management,verified,yes,yes,yes,2026-06-20,codex,"Source: SDK source for file post creation across TS iOS Android Flutter. Proof: TS 137/137; Android 130/130 skipped 6; Flutter 79/79; iOS 125/125 skipped 5.","Removed unproven file limits and old builder-chain examples; verified uploaded-file creation paths per platform."
social-plus-sdk/social/content-management/posts/creation/image-post.mdx,social,content-management,verified,yes,yes,yes,2026-06-20,codex,"Source: SDK source for image post creation across TS iOS Android Flutter. Proof: TS 134/134; Android 127/127 skipped 6; Flutter 76/76; iOS 122/122 skipped 5.","Replaced stale iOS client constructor and incorrect TS attachment product tag example with verified core image-post creation snippets."
social-plus-sdk/social/content-management/posts/creation/live-stream-post.mdx,social,content-management,verified,yes,yes,yes,2026-06-20,codex,"Source: SDK source for legacy live stream post creation across TS iOS Android Flutter. Proof: TS 142/142; Android 135/135 skipped 6 warnings 4; Flutter 80/80; iOS 130/130 skipped 5.","Marked as legacy/deprecated; documented iOS deprecation in favor of room posts and narrowed examples to verified legacy creation paths."
social-plus-sdk/social/content-management/posts/creation/mixed-media-post.mdx,social,content-management,verified,yes,yes,yes,2026-06-20,codex,"Source: SDK source for mixed media post creation across TS iOS Android plus Flutter public builder source search. Proof: TS 139/139; Android 132/132 skipped 6; Flutter 79/79; iOS 127/127 skipped 5.","Replaced stale pseudo workflows and limits; documented TypeScript createPost mixed attachments Android createMixedAttachmentPost iOS AmityMixedMediaPostBuilder and Flutter no public mixed media creator."
social-plus-sdk/social/content-management/posts/creation/poll-post.mdx,social,content-management,verified,yes,yes,yes,2026-06-20,codex,"Source: SDK source for poll post creation across TS iOS Android Flutter. Proof: TS 137/137; Android 130/130 skipped 6; Flutter 79/79; iOS 125/125 skipped 5.","Narrowed page to poll-post creation from an existing pollId and removed placeholder image-poll snippets."
social-plus-sdk/social/content-management/posts/creation/room-post.mdx,social,content-management,verified,yes,yes,yes,2026-06-20,codex,"Source: SDK source for room post creation across TS iOS Android plus Flutter public builder source search. Proof: TS 142/142; Android 135/135 skipped 6 warnings 4; Flutter 80/80; iOS 130/130 skipped 5.","Removed broad room and co-host management snippets; documented TypeScript createRoomPost Android createRoomPost iOS AmityRoomPostBuilder and Flutter no public room post creator."
social-plus-sdk/social/content-management/posts/creation/text-post.mdx,social,content-management,verified,yes,yes,yes,2026-06-20,codex,"Source: SDK source for text post creation and link preview metadata across TS iOS Android Flutter. Proof: TS 134/134; Android 127/127 skipped 6; Flutter 76/76; iOS 122/122 skipped 5.","Removed stale structureType and promise-query examples; documented Flutter structured-link limitation and verified TS Client.getLinkPreviewMetadata export path."
social-plus-sdk/social/content-management/posts/creation/video-post.mdx,social,content-management,verified,yes,yes,yes,2026-06-20,codex,"Source: SDK source for video post creation across TS iOS Android Flutter. Proof: TS 134/134; Android 127/127 skipped 6; Flutter 76/76; iOS 122/122 skipped 5.","Replaced stale iOS client constructor and incorrect TS attachment product tag example with verified core video-post creation snippets."
social-plus-sdk/social/content-management/posts/moderation/delete-post.mdx,social,content-management,verified,yes,yes,yes,2026-06-20,codex,"Source: SDK source for post soft-delete and hard-delete APIs across TS iOS Android plus Flutter public delete source. Proof: TS 122/122; Android 125/125 skipped 4; Flutter 77/77; iOS 130/130 skipped 3.","Narrowed to SDK deletion behavior; documented Flutter public hardDelete flag gap instead of claiming hard-delete parity."
social-plus-sdk/social/content-management/posts/moderation/edit-post.mdx,social,content-management,verified,yes,yes,yes,2026-06-20,codex,"Source: SDK source for post edit builders and patch APIs across TS iOS Android Flutter. Proof: TS 122/122; Android 125/125 skipped 4; Flutter 77/77; iOS 130/130 skipped 3.","Replaced stale per-media cookbook with verified platform edit surfaces and Flutter link/product-tag limitations."
social-plus-sdk/social/content-management/posts/moderation/pin-post.mdx,social,content-management,verified,yes,yes,yes,2026-06-20,codex,"Source: SDK source for community and global pinned-post live collections across TS iOS Android Flutter. Proof: TS 122/122; Android 125/125 skipped 4; Flutter 77/77; iOS 130/130 skipped 3.","Corrected TypeScript global pinned-post signature and documented read-only SDK surface plus Flutter sort/includeMixedStructure gaps."
social-plus-sdk/social/content-management/posts/moderation/post-review.mdx,social,content-management,verified,yes,yes,yes,2026-06-20,codex,"Source: SDK source for approve decline review-status models and review-queue queries across TS iOS Android Flutter. Proof: TS 122/122; Android 125/125 skipped 4; Flutter 77/77; iOS 130/130 skipped 3.","Corrected review queue filters per platform; narrowed TypeScript feedType query docs to published/reviewing."
social-plus-sdk/social/content-management/posts/overview.mdx,social,content-management,verified,yes,yes,yes,2026-06-20,codex,"Source: SDK source for post data types createPost getPosts structureType localCommentCount and realtime topics across TS iOS Android Flutter. Proof: TS 130/130; Android 123/123 skipped 6; Flutter 73/73; iOS 118/118 skipped 5.","Post type matrix corrected per SDK; invalid async getPosts example replaced with live collection callback; platform gaps for Flutter fields documented."
social-plus-sdk/social/content-management/posts/retrieval/get-post.mdx,social,content-management,verified,yes,yes,yes,2026-06-20,codex,"Source: SDK source for single post live retrieval and get-by-IDs across TS iOS Android plus Flutter public repository source. Proof: TS 127/127; Android 130/130 skipped 4; Flutter 76/76; iOS 128/128 skipped 3.","Replaced stale getPosts-by-IDs parity wording; documented Flutter single-post retrieval and no public batch get-by-IDs method."
social-plus-sdk/social/content-management/posts/retrieval/query-posts.mdx,social,content-management,verified,yes,yes,yes,2026-06-20,codex,"Source: SDK source for post query and live collection filters across TS iOS Android Flutter. Proof: TS 127/127; Android 130/130 skipped 4; Flutter 76/76; iOS 128/128 skipped 3.","Corrected dataTypes/types naming Android reviewStatus TS feed status availability Flutter data type gaps and Android-only invalidate cache."
social-plus-sdk/social/content-management/posts/retrieval/viewing-content.mdx,social,content-management,verified,yes,yes,yes,2026-06-20,codex,"Source: SDK post model and linked-object helper source across TS iOS Android Flutter. Proof: TS 127/127; Android 130/130 skipped 4; Flutter 76/76; iOS 128/128 skipped 3.","Replaced bulky media walkthrough with helper-based rendering guidance and platform data-type gaps."
social-plus-sdk/social/content-management/stories/actions/delete-story.mdx,social,content-management,verified,yes,yes,yes,2026-06-20,codex,"Source: SDK story soft/hard delete APIs across TS iOS Android Flutter. Proof: TS 152/152; Android 155/155 skipped 4 warnings 1; Flutter 106/106; iOS 159/159 skipped 3 warnings 159.","Removed recovery/compliance overclaims; documented platform-specific soft and hard delete call shapes."
social-plus-sdk/social/content-management/stories/analytics/story-impressions.mdx,social,content-management,verified,yes,yes,yes,2026-06-20,codex,"Source: SDK story analytics and reached-user APIs across TS iOS Android Flutter. Proof: TS 152/152; Android 155/155 skipped 4 warnings 1; Flutter 106/106; iOS 159/159 skipped 3 warnings 159.","Removed unsupported CTR claims; documented synced-story analytics guard and platform reached-user APIs."
social-plus-sdk/social/content-management/stories/creation/create-story.mdx,social,content-management,verified,yes,yes,yes,2026-06-20,codex,"Source: SDK image/video story creation APIs and story item models across TS iOS Android Flutter. Proof: TS 152/152; Android 155/155 skipped 4 warnings 1; Flutter 106/106; iOS 159/159 skipped 3 warnings 159.","Replaced stale snippets and hardcoded file-size/duration claims; inline creation examples are doc-as-tested."
social-plus-sdk/social/content-management/stories/overview.mdx,social,content-management,verified,yes,yes,yes,2026-06-20,codex,"Source: SDK story and story target models plus repository APIs across TS iOS Android Flutter. Proof: TS 152/152; Android 155/155 skipped 4 warnings 1; Flutter 106/106; iOS 159/159 skipped 3 warnings 159.","Info-only overview narrowed to SDK-backed fields and method names; Flutter getStoryTaregt caveat documented."
social-plus-sdk/social/content-management/stories/retrieval/get-global-story-targets.mdx,social,content-management,verified,yes,yes,yes,2026-06-20,codex,"Source: SDK global story target query APIs and query option enums across TS iOS Android Flutter. Proof: TS 152/152; Android 155/155 skipped 4 warnings 1; Flutter 106/106; iOS 159/159 skipped 3 warnings 159.","Corrected query options and Flutter GlobalStoryTargetLiveCollection usage."
social-plus-sdk/social/content-management/stories/retrieval/get-stories.mdx,social,content-management,verified,yes,yes,yes,2026-06-20,codex,"Source: SDK single active and multi-target story retrieval APIs across TS iOS Android Flutter. Proof: TS 152/152; Android 155/155 skipped 4 warnings 1; Flutter 106/106; iOS 159/159 skipped 3 warnings 159.","Corrected TS getStoryByStoryId name iOS callback signatures and Flutter query-builder examples."
social-plus-sdk/social/content-management/stories/retrieval/get-story-targets.mdx,social,content-management,verified,yes,yes,yes,2026-06-20,codex,"Source: SDK story target retrieval APIs across TS iOS Android Flutter. Proof: TS 152/152; Android 155/155 skipped 4 warnings 1; Flutter 106/106; iOS 159/159 skipped 3 warnings 159.","Corrected TS getTargetById/getTargetsByTargetIds names and Flutter single-target spelling caveat."
social-plus-sdk/social/discovery-engagement/feed/overview.mdx,social,discovery-engagement,verified,yes,yes,yes,2026-06-20,codex,"Source: SDK source for global and custom-ranking feed APIs across TS iOS Android Flutter. Proof: TS 157/157; Android 161/161 skipped 4 warnings 1; Flutter 108/108; iOS 164/164 skipped 3 warnings 164.","Removed unsupported ranking formula visibility limits and support-flow claims; corrected TypeScript away from deprecated queryGlobalFeed and Android to query()."
social-plus-sdk/social/discovery-engagement/notifications/notification-events-reference.mdx,social,discovery-engagement,verified,yes,yes,yes,2026-06-20,codex,"Source: TS notification tray action/category types and iOS/Android notification tray item fields. Proof: TS 161/161; Android 165/165 skipped 4 warnings 1; Flutter 108/108; iOS 168/168 skipped 3 warnings 168.","Replaced unverified template catalog with SDK-returned action/category field reference and rendering guidance."
social-plus-sdk/social/discovery-engagement/notifications/notification-items.mdx,social,discovery-engagement,verified,yes,yes,yes,2026-06-20,codex,"Source: SDK notification tray item query and mark item seen APIs across TS iOS Android plus Flutter source search. Proof: TS 161/161; Android 165/165 skipped 4 warnings 1; Flutter 108/108; iOS 168/168 skipped 3 warnings 168.","Verified TS iOS Android item query and item seen snippets; corrected TS item mark shape and platform item ID differences."
social-plus-sdk/social/discovery-engagement/notifications/notification-tray-status.mdx,social,discovery-engagement,verified,yes,yes,yes,2026-06-20,codex,"Source: SDK tray seen and mark tray seen APIs across TS iOS Android plus Flutter source search. Proof: TS 161/161; Android 165/165 skipped 4 warnings 1; Flutter 108/108; iOS 168/168 skipped 3 warnings 168.","Verified tray seen and mark seen snippets; documented platform field names and Flutter gap."
social-plus-sdk/social/discovery-engagement/notifications/overview.mdx,social,discovery-engagement,verified,yes,yes,yes,2026-06-20,codex,"Source: SDK notification tray source across TS iOS Android plus Flutter source search. Proof: TS 161/161; Android 165/165 skipped 4 warnings 1; Flutter 108/108; iOS 168/168 skipped 3 warnings 168.","Info-only overview. Removed broad cross-platform bulk archive template claims; documented Flutter no public tray surface."
social-plus-sdk/social/discovery-engagement/overview.mdx,social,discovery-engagement,verified,yes,yes,yes,2026-06-20,codex,"Source: verified feed, intelligent search, notification tray, and reactions pages. Proof: TS 189/189; Android 193/193 skipped 4 warnings 1; Flutter 125/125; iOS 196/196 skipped 3 warnings 196.","Info-only overview. Added navigation and llms entry for AI/human routing across discovery and engagement surfaces."
social-plus-sdk/social/discovery-engagement/search/intelligent-search-community.mdx,social,discovery-engagement,verified,yes,yes,yes,2026-06-20,codex,"Source: SDK source for semantic community search across TS iOS Android plus Flutter source search. Proof: TS 157/157; Android 161/161 skipped 4 warnings 1; Flutter 108/108; iOS 164/164 skipped 3 warnings 164.","Verified TS iOS Android snippets; corrected membership filter naming and documented no current public Flutter semantic community search surface."
social-plus-sdk/social/discovery-engagement/search/intelligent-search-post.mdx,social,discovery-engagement,verified,yes,yes,yes,2026-06-20,codex,"Source: SDK source for semantic post search and hashtag post search across TS iOS Android plus Flutter source search. Proof: TS 157/157; Android 161/161 skipped 4 warnings 1; Flutter 108/108; iOS 164/164 skipped 3 warnings 164.","Verified semantic and hashtag search snippets; corrected TS hashtag search from query to hashtags plus targetType and documented no current public Flutter post search surface."
social-plus-sdk/social/discovery-engagement/search/overview.mdx,social,discovery-engagement,verified,yes,yes,yes,2026-06-20,codex,"Source: SDK source for semantic community, semantic post, and hashtag post search surfaces. Proof: TS 157/157; Android 161/161 skipped 4 warnings 1; Flutter 108/108; iOS 164/164 skipped 3 warnings 164.","Info-only overview. Removed unsupported language scoring algorithm and network settings claims; narrowed platform coverage to SDK-exposed APIs."
social-plus-sdk/social/events/create-event.mdx,social,events,verified,yes,yes,yes,2026-06-20,codex,"Source: SDK event creation APIs and option models across TS iOS Android plus Flutter public source search. Proof: TS 171/171; Android 175/175 skipped 4 warnings 1; Flutter 108/108; iOS 178/178 skipped 3 warnings 178.","Verified create-event snippets; corrected Android repository/builder shape and documented Flutter no public scheduled-event creation surface."
social-plus-sdk/social/events/event-rsvp.mdx,social,events,verified,yes,yes,yes,2026-06-20,codex,"Source: SDK event RSVP methods and response-status enums across TS iOS Android plus Flutter public source search. Proof: TS 171/171; Android 175/175 skipped 4 warnings 1; Flutter 108/108; iOS 178/178 skipped 3 warnings 178.","Verified create/update/get/query RSVP snippets; documented TS does not expose Interested while iOS/Android do."
social-plus-sdk/social/events/manage-events.mdx,social,events,verified,yes,yes,yes,2026-06-20,codex,"Source: SDK event get query update and delete APIs across TS iOS Android plus Flutter public source search. Proof: TS 171/171; Android 175/175 skipped 4 warnings 1; Flutter 108/108; iOS 178/178 skipped 3 warnings 178.","Replaced stale static Android repository examples with verified repository builders and live-object/live-collection APIs."
social-plus-sdk/social/events/overview.mdx,social,events,verified,yes,yes,yes,2026-06-20,codex,"Source: SDK event models enums query options and RSVP methods across TS iOS Android plus Flutter public source search. Proof: TS 171/171; Android 175/175 skipped 4 warnings 1; Flutter 108/108; iOS 178/178 skipped 3 warnings 178.","Info-only overview. Removed unsupported lifecycle permission and livestream claims; added platform coverage and Flutter gap."
social-plus-sdk/social/user-relationship/blocking/block-unblock-user.mdx,social,user-relationship,verified,yes,yes,yes,2026-06-20,codex,"Source: SDK relationship block/unblock APIs and follow payload models across TS iOS Android Flutter. Proof: TS 183/183; Android 187/187 skipped 4 warnings 1; Flutter 119/119; iOS 190/190 skipped 3 warnings 190.","Corrected block/unblock return shapes and removed unverified feed/search/product behavior claims."
social-plus-sdk/social/user-relationship/blocking/manage-blocked-users.mdx,social,user-relationship,verified,yes,yes,yes,2026-06-20,codex,"Source: SDK blocked-user list and getAllBlockedUsers APIs across TS iOS Android plus Flutter public source search. Proof: TS 183/183; Android 187/187 skipped 4 warnings 1; Flutter 119/119; iOS 190/190 skipped 3 warnings 190.","Corrected getAllBlockedUsers availability to TS iOS Android; documented Flutter gap and one-shot limit/cache behavior."
social-plus-sdk/social/user-relationship/following/accept-decline-follow-request.mdx,social,user-relationship,verified,yes,yes,yes,2026-06-20,codex,"Source: SDK acceptMyFollower and declineMyFollower APIs across TS iOS Android Flutter. Proof: TS 183/183; Android 187/187 skipped 4 warnings 1; Flutter 119/119; iOS 190/190 skipped 3 warnings 190.","Replaced deprecated Android/Flutter helper calls, fixed Flutter positional arguments, and narrowed behavior claims."
social-plus-sdk/social/user-relationship/following/follow-unfollow-user.mdx,social,user-relationship,verified,yes,yes,yes,2026-06-20,codex,"Source: SDK follow/unfollow APIs and follow status models across TS iOS Android Flutter. Proof: TS 183/183; Android 187/187 skipped 4 warnings 1; Flutter 119/119; iOS 190/190 skipped 3 warnings 190.","Replaced snippet imports with inline doc-as-tested flat relationship APIs and clarified accepted versus pending outcomes."
social-plus-sdk/social/user-relationship/following/get-connection-status.mdx,social,user-relationship,verified,yes,yes,yes,2026-06-20,codex,"Source: SDK follow info APIs and model fields across TS iOS Android Flutter. Proof: TS 183/183; Android 187/187 skipped 4 warnings 1; Flutter 119/119; iOS 190/190 skipped 3 warnings 190.","Corrected stale iOS constructor, deprecated Android helpers, status names, and platform-specific count field names."
social-plus-sdk/social/user-relationship/following/get-follower-following-list.mdx,social,user-relationship,verified,yes,yes,yes,2026-06-20,codex,"Source: SDK follower/following query builders and relationship models across TS iOS Android Flutter. Proof: TS 183/183; Android 187/187 skipped 4 warnings 1; Flutter 119/119; iOS 190/190 skipped 3 warnings 190.","Corrected Android query() builder usage, documented filter caveat, and replaced bulky stale paging examples with tested snippets."
social-plus-sdk/social/user-relationship/overview.mdx,social,user-relationship,verified,yes,yes,yes,2026-06-20,codex,"Source: SDK relationship and blocked-user surfaces across TS iOS Android Flutter. Proof: TS 183/183; Android 187/187 skipped 4 warnings 1; Flutter 119/119; iOS 190/190 skipped 3 warnings 190.","Info-only overview. Added platform coverage matrix and removed unsupported product behavior overclaims."
social-plus-sdk/technical-faq.mdx,root,,not_started,no,no,no,,,,
social-plus-sdk/video-new/analytics/overview.mdx,video-new,analytics,not_started,no,no,no,,,,
social-plus-sdk/video-new/broadcasting/co-host-management.mdx,video-new,broadcasting,verified,yes,yes,yes,2026-06-21,codex,"Source: TS room linked object invitation APIs, InvitationRepository event/cancel APIs, RoomRepository co-host participant APIs and events; iOS AmityRoom invitation methods, AmityInvitation accept/reject, AmityRoomRepository getCoHostEvent/updateCohostPermissions/remove/leave APIs; Android AmityRoom invitation methods, AmityInvitation accept/reject/cancel, AmityRoomRepository co-host event/update/remove/leave APIs; Flutter public-source search found no room repository. Proof: TS 276/276; Android 276/276 skipped 3 warnings 1; Flutter 191/191; iOS 302/302 skipped 1 warnings 302.","Replaced stale pseudo invitation and LiveKit snippets with source-backed CodeGroup examples, platform surface table, invitation/event/participant parameter tables, and broadcaster-data boundary."
social-plus-sdk/video-new/broadcasting/create-room.mdx,video-new,broadcasting,verified,yes,yes,yes,2026-06-21,codex,"Source: TS RoomRepository createRoom getBroadcasterData types; iOS AmityRoomRepository AmityRoomCreateOptions generateRoomToken; Android AmityVideoClient room repository createRoom getBroadcasterData; Flutter public-source search found no room repository. Proof: full drift gate TS 268/268; Android 268/268 skipped 3 warnings 1; Flutter 191/191; iOS 294/294 skipped 1 warnings 294.","Replaced stale universal RoomRepository examples with platform-specific CodeGroup snippets and parameter table; documented Flutter no public room creation surface."
social-plus-sdk/video-new/broadcasting/live-viewing.mdx,video-new,broadcasting,verified,yes,yes,yes,2026-06-21,codex,"Source: TS PostRepository live room post collections and RoomRepository getRoom fields; iOS AmityPostRepository live room post collections, AmityPost data, AmityRoomRepository getRoom, and AmityRoom playback fields; Android AmityPostRepository live room post collections, AmityPost.Data.ROOM, AmityRoomRepository getRoom, and AmityRoom playback fields; Flutter public-source search found no current room viewing API. Proof: TS 283/283; Android 283/283 skipped 3 warnings 1; Flutter 191/191; iOS 309/309 skipped 1 warnings 309.","Replaced stale player-library and invented room post snippets with SDK-owned live room post discovery, room playback observation, playback source selection, parameter tables, and player-boundary guidance."
social-plus-sdk/video-new/broadcasting/manage-rooms.mdx,video-new,broadcasting,verified,yes,yes,yes,2026-06-21,codex,"Source: TS RoomRepository getRoom getRooms updateRoom stopRoom deleteRoom; iOS AmityRoomRepository live object collection and mutation APIs; Android AmityVideoClient room repository Flowable and PagingData APIs; Flutter public-source search found no room repository. Proof: TS 272/272; Android 272/272 skipped 3 warnings 1; Flutter 191/191; iOS 298/298 skipped 1 warnings 298.","Replaced stale pseudo-observer snippets with source-backed CodeGroup examples, query/update parameter tables, platform differences, and recorded-playback boundary."
social-plus-sdk/video-new/broadcasting/overview.mdx,video-new,broadcasting,verified,yes,yes,yes,2026-06-21,codex,"Source: TS iOS Android room repository surfaces plus Flutter public-source search. Proof: full drift gate TS 268/268; Android 268/268 skipped 3 warnings 1; Flutter 191/191; iOS 294/294 skipped 1 warnings 294.","Reframed overview around SDK-owned room records broadcaster data and room posts; removed unsupported all-platform and automatic media-stack claims."
social-plus-sdk/video-new/broadcasting/recorded-playback.mdx,video-new,broadcasting,not_started,no,no,no,,,,
social-plus-sdk/video-new/broadcasting/rooms-overview.mdx,video-new,broadcasting,verified,yes,yes,yes,2026-06-21,codex,"Source: TS Amity.Room type; iOS AmityRoom model enums options; Android AmityRoom model query builders; Flutter public-source search. Proof: full drift gate TS 268/268; Android 268/268 skipped 3 warnings 1; Flutter 191/191; iOS 294/294 skipped 1 warnings 294.","Replaced invented model snippets with source-backed platform field tables, room type notes, status model, participant fields, and playback metadata."
social-plus-sdk/video-new/broadcasting/start-broadcasting.mdx,video-new,broadcasting,verified,yes,yes,yes,2026-06-21,codex,"Source: TS RoomRepository getBroadcasterData stopRoom and start/end broadcasting events; iOS AmityRoomRepository generateRoomToken getRoom stopRoom; Android AmityVideoClient room repository getBroadcasterData getRoom stopRoom and AmityRoomBroadcastData sealed classes; Flutter public-source search found no room broadcaster repository. Proof: TS 280/280; Android 280/280 skipped 3 warnings 1; Flutter 191/191; iOS 306/306 skipped 1 warnings 306.","Replaced stale getBroadcastData and LiveKit-heavy snippets with SDK-owned broadcaster credential, lifecycle, stop, parameter table, and media-boundary guidance."
social-plus-sdk/video-new/migration-guide.mdx,video-new,,not_started,no,no,no,,,,
social-plus-sdk/video-new/playback/overview.mdx,video-new,playback,not_started,no,no,no,,,,
